﻿src,tgt
"경찰 조사를 받는 동안 당신은 변호사를 요청할 권리가 있으며, 변호사 없이 하는 진술은 법정에서 불리하게 작용할 수 있습니다.","During police questioning, you have the right to request a lawyer, and statements without a lawyer may be used against you."
"이 통지는 당신이 구속되었음을 의미하며, 모든 발언은 녹음되고 법적 절차의 일부로 간주됩니다.",This notice indicates you are under arrest and your statements will be recorded as part of legal procedures.
"당신은 외국인이며, 한국어가 모국어가 아니기 때문에 경찰은 통역사를 제공해야 합니다.","As a foreign national not fluent in Korean, the police must provide an interpreter."
"진술을 거부할 권리가 있으며, 변호사와 상담할 수 있습니다.",You have the right to remain silent and may consult a lawyer before giving a statement.
이 권리는 국적이나 언어 능력에 관계없이 보장됩니다.,This right is protected regardless of nationality or language skills.
당신이 이해하지 못한 상태에서 이루어진 진술은 무효 처리될 수 있습니다.,Statements made without understanding may be invalid.
모든 법적 권리는 당신의 언어로 설명되어야 합니다.,All legal rights must be explained in your native language.
진술을 시작하기 전에 변호사와 상의할 기회를 요구할 수 있습니다.,You may request to consult with a lawyer before any statement.
경찰은 당신이 이해할 수 있도록 통역사를 제공해야 합니다.,The police must ensure you understand via interpretation.
이 권리는 헌법에 의해 보장되어 있습니다.,This right is guaranteed by the constitution.
"당신은 변호사와 상담할 수 있으며, 법원에서 제공한 통역사의 도움을 요청할 권리가 있습니다.",You have the right to consult with an attorney and request the assistance of a court-provided interpreter.
"당신은 지금 말하지 않아도 되며, 추후에 변호사와 상담한 후 진술할 수 있습니다.",You do not have to speak now and may wait to consult with an attorney before making any statements.
"모든 진술은 법정에서 불리하게 사용될 수 있으며, 이는 향후 재판에 영향을 줄 수 있습니다.",Any statement can be used against you in court and may influence future trials.
