﻿사건번호,발생일시,장소,피해자,사건개요
2025-07-001,2025-07-01 22:30,서울 강남구 OO로 편의점,"김OO(28, 편의점 직원)","2025년 7월 1일 22시 30분경 서울 강남구 OO로 소재 편의점에서 남성이 흉기를 들고 편의점 직원 김OO에게 금품을 요구하여 현금 약 30만원과 담배 3보루를 탈취 후 도주한 사건으로, 현장 CCTV에 용의자의 인상착의가 기록되어 수사가 진행 중임."
2025-07-002,2025-07-02 9:15,서울 종로구 OO길 골목,"이OO(65, 주민)","2025년 7월 2일 09시 15분경 서울 종로구 OO길 골목에서 새벽 시간대 절도 미수 사건이 발생하였으며, 피해자 이OO은 외출 중 귀가하던 중 가방을 소지한 남성이 접근하여 소지품을 빼앗으려 시도했으나 미수에 그치고 현장에서 도주한 사건으로 목격자 진술이 확보됨."
2025-07-003,2025-07-02 18:40,경기 수원시 주차장,"박OO(42, 차량 소유자)","2025년 7월 2일 18시 40분경 경기 수원시 주차장에서 피해자 박OO의 차량 조수석 유리창이 파손되어 차량 내부에 있던 내비게이션과 현금이 도난당한 사건으로, 주변 CCTV에 모자를 쓴 용의자가 차량 주변을 배회하는 모습이 확인되어 수사가 진행 중임."
2025-07-004,2025-07-03 0:20,서울 동대문구 OO로,"정OO(55, 행인)","2025년 7월 3일 00시 20분경 서울 동대문구 OO로에서 피해자 정OO이 귀가 중 신원 미상의 남성에게 폭행을 당해 얼굴에 타박상을 입었으며, 가해자는 사건 직후 골목길을 통해 도주한 사건으로 현장 주변 탐문 수사가 진행 중임."
2025-07-005,2025-07-03 13:00,경기 고양시 OO동,"최OO(35, 회사원)","2025년 7월 3일 13시경 경기 고양시 OO동에서 가정폭력 신고로 출동한 경찰관이 피해자 최OO의 신고에 의해 남편이 음주 상태에서 폭언 및 폭행을 행사하여 피해자가 팔과 얼굴 부위에 경상을 입은 사건으로, 가해자는 현장에서 체포되었음."
2025-07-006,2025-07-03 22:10,서울 마포구 OO길,"조OO(22, 대학생)","2025년 7월 3일 22시 10분경 서울 마포구 OO길 주점 앞에서 조OO과 신원 미상의 남성 간 시비가 발생하였으며, 시비 도중 상대방이 조OO의 얼굴을 주먹으로 가격하여 상해를 입힌 뒤 현장에서 도주한 사건으로 목격자의 진술을 확보하였음."
2025-07-007,2025-07-04 7:50,경기 성남시 OO로,"강OO(40, 회사원)","2025년 7월 4일 07시 50분경 경기 성남시 OO로 주택가 골목에서 강OO의 차량이 도난당해 경찰에 신고된 사건으로, 피해자는 출근하려고 차량에 접근하던 중 차량이 사라진 것을 발견하였고, 차량 위치 추적 및 CCTV 분석이 진행 중임."
2025-07-008,2025-07-04 15:30,서울 송파구 OO로,"윤OO(38, 주민)","2025년 7월 4일 15시 30분경 서울 송파구 OO로 건물 외벽에 신원 미상의 인물이 스프레이로 불법 낙서를 하고 건물 외벽 일부를 파손하고 도주한 사건으로, 인근 CCTV 확인 결과 용의자의 복장 및 방향이 확인되어 수사 중임."
2025-07-009,2025-07-05 19:45,서울 용산구 OO동,"문OO(50, 상인)","2025년 7월 5일 19시 45분경 서울 용산구 OO동 상가 앞에서 문OO이 운영 중인 가게 앞에서 3명의 남성이 시비를 벌이다가 가게 간판과 유리문을 파손한 뒤 도주한 사건으로, 피해자는 파손된 간판과 유리문 수리 비용을 청구하며 경찰에 신고함."
2025-07-010,2025-07-06 2:10,서울 중랑구 OO길,"한OO(29, 회사원)","2025년 7월 6일 02시 10분경 서울 중랑구 OO길에서 한OO이 심야 시간 귀가 중 술에 취한 남성이 길을 가로막고 욕설과 함께 흉기 위협을 하여 피해자가 인근 상가로 대피한 사건으로, 용의자는 사건 후 도주하였으며 경찰이 수사 중임."
