Annual_Income,Outstanding_Debt,Num_of_Delayed_Payment,Credit_Utilization_Ratio,label
35730.44,1185.95,16.0,28.70310795887549,0
61567.05,1539.17,15.0,31.78549320933661,2
17434.78,2765.76,20.0,30.831418013976982,2
28472.92,325.41,4.0,32.70284043718882,0
37691.17,209.34,9.0,28.99128528821109,0
66614.64,1287.55,10.0,38.34643680435976,1
19547.065,824.36,12.0,25.296448637400875,0
16893.44,1397.24,14.0,35.799259572582706,2
77020.76,380.09,10.0,32.08422623150932,0
10424.525,164.79,12.0,30.0005807953402,1
55563.4,1390.92,15.0,38.191972537152026,0
34269.74,609.77,12.0,37.89893593781353,0
43755.33,1282.77,12.0,27.453476494151023,0
60082.77,3040.88,20.0,39.69648496243579,2
36379.24,2152.42,9.0,32.64192553991295,1
10466.16,1941.93,15.0,28.89136204591681,1
10389.575,3848.3,16.0,28.95774952414473,0
61778.7,519.01,10.0,32.017323185474986,1
174353.0,405.65,8.0,41.91022248835678,0
84050.5,889.05,-1.0,33.153378633424055,0
37131.02,88.0,4.0,24.404100379656683,0
21112.76,1439.72,12.0,35.6681237974764,2
18208.19,2067.33,20.0,27.85547781866908,2
82778.56,1777.73,1463.0,33.82190791940711,2
126615.04,1468.46,14.0,32.67624919869024,1
43249.78,1475.99,2.0,26.94967320096769,2
131844.32,398.2,18.0,27.67382745632517,0
34962.32,1470.65,8.0,33.82736740597882,0
36661.93,314.26,21.0,26.43946509921821,2
8044.13,2511.75,19.0,36.54530979926936,2
120955.92,369.36,7.0,25.246874736143603,2
88363.86,1405.42,1.0,32.00481451221364,0
56047.34,990.4,8.0,30.137528956082388,0
74017.08,4686.94,25.0,28.567143906050067,1
21663.61,549.88,10.0,25.6437041860334,0
22188.45,1352.38,0.0,26.169276922439604,2
17150.815,579.9,9.0,30.20540902099802,0
88412.01,957.82,8.0,39.238071405617376,2
67857.8,1497.68,17.0,42.62867960138108,2
24755.99,651.99,5.0,35.6323237061376,1
49596.42,3254.22,17.0,36.46928010389053,1
115324.62,1316.45,9.0,37.11343775949554,0
133444.08,217.91,15.0,40.03352158743174,2
10037.735,3052.44,15.0,39.911225942862366,2
19163.22,2226.37,18.0,36.349179393688,0
135907.48,1317.58,16.0,39.826083788923405,0
9335.19,1860.2,19.0,36.57530166477217,2
11393623.0,1487.26,11.0,34.553759439496496,0
66882.74,1472.91,5.0,33.84105552598033,0
32933.44,1272.85,9.0,32.05970868533515,2
20628.55,1276.97,11.0,28.068718052021627,1
29727.93,1237.42,10.0,38.413188690929545,1
130174.44,1418.16,5.0,36.407889973713466,0
19491.84,1158.75,15.0,29.450956156058545,2
28496.3,1513.71,21.0,32.88232975551905,2
29344.53,779.69,11.0,35.15056238506571,1
9024.455,1491.08,14.0,34.2751739933517,1
2597096.0,702.89,10.0,31.579057124460235,0
27909.81,1128.36,19.0,32.62977146721509,0
57462.92,978.56,12.0,40.41708273844481,0
34146.86,163.0,10.0,27.54761978988249,0
136435.2,252.01,19.0,32.57022859366683,0
125854.12,1278.59,11.0,33.21801730508388,1
74178.04,64.38,8.0,35.84640911610825,2
32273.01,1362.01,4.0,33.823979562010074,2
119643.12,186.99,5.0,36.26792223654401,0
44689.77,2319.8,8.0,23.395620160846786,2
47050.41,1594.93,18.0,24.666766454026437,2
77672.34,813.2,4.0,40.12319865034585,0
28559.25,559.35,16.0,36.76685485141727,1
32639.9,1406.91,19.0,34.54271810403498,1
30958.06,643.02,6.0,27.246064101405853,0
8215.87,1600.28,19.0,38.24033431202125,2
88165.8,326.6,11.0,38.42489301798869,1
59412.78,936.76,10.0,37.42035274305168,2
58380.6,1494.92,20.0,28.629072300358445,2
142081.48,932.32,20.0,41.12688728243217,1
23054.08,573.89,8.0,27.900287084665926,1
52643.34,2802.88,16.0,33.72264308176635,2
68529.92,2643.57,20.0,27.031143299826542,2
42372.36,143.04,8.0,27.161592999610036,1
19595.95,1287.97,25.0,36.69332754978721,2
8108.77,2004.87,16.0,33.367023975618054,2
66169.56,198.53,16.0,35.037723526231474,1
38726.47,259.59,11.0,34.51886205889276,0
39066.64,6.84,3.0,35.16992194571042,0
41191.6,801.66,8.0,26.160574930915818,0
42731.27,511.85,1.0,26.119349071955185,1
14274.32,1243.37,7.0,29.491450641533408,1
8151.41,1418.45,23.0,28.3236665801518,1
15824.93,345.23,12.0,33.9234732621774,1
28005.44,527.79,3.0,26.20483109753718,2
21700.68,427.94,14.0,28.280503066595923,0
38574.32,668.78,13.0,31.075050919309295,1
10667.73,556.11,10.0,28.33549153480685,1
19506.73,1594.83,15.0,33.755625739599466,1
31568.54,1044.92,10.0,36.13991280471629,1
160057.96,322.27,7.0,37.78728559737908,0
31236.78,2250.42,6.0,31.29655772443056,2
159327.84,803.43,6.0,29.850463572911533,0
107545.2,428.94,19.0,37.95608738552912,0
61869.04,1065.89,11.0,24.087965392013263,1
24482.38,725.13,20.0,24.2025689114208,2
22298.54,727.07,9.0,27.264086555025514,1
60552.24,32.83,18.0,26.60993119043397,0
33515.8,1883.15,20.0,31.372617312969822,2
126091.71,1456.29,3.0,42.56380570462628,0
20800.88,2850.2,21.0,36.73064266489583,1
22407.57,359.41,11.0,38.04787069772319,1
98019.84,1484.37,19.0,33.565520517845115,2
56404.84,2849.38,19.0,39.71950495844971,0
60882.9,1737.83,19.0,31.041592130827866,2
62476.05,2560.25,22.0,31.412992703120203,2
20915.42,2093.75,16.0,35.39561352245109,2
122710.12,1025.92,12.0,43.18428022212848,1
16888.405,724.57,14.0,26.06220760253817,1
35185.56,379.47,9.0,31.914917576489746,1
18500.54,1153.0,7.0,36.642399589425175,0
42247.17,2725.05,18.0,31.54305977741827,2
14739.96,1298.28,16.0,29.012534221443406,2
30758.43,471.15,16.0,25.693025270658865,0
59999.02,543.44,14.0,38.41849675799193,0
8826.66,3851.63,25.0,23.67578250049706,1
18771.34,89.53,13.0,36.70319447394221,2
140731.72,125.46,16.0,37.862566576599306,0
42951.62,1077.34,7.0,23.585784209989363,0
82289.36,4736.25,16.0,28.93087179560661,2
29588.18,193.06,9.0,28.468041459731428,1
8446.315,1291.0,13.0,35.30615628379303,2
107157.12,182.91,19.0,38.50390490017119,2
42515.6,629.75,12.0,38.04349188310435,0
14542.23,1482.46,12.0,33.76028022936233,2
41329.56,1245.01,10.0,30.65771828283625,0
90429.99,1127.26,2.0,34.43085142005054,0
19190.67,1644.44,18.0,39.171368081379626,2
133455.93,822.33,6.0,32.60774690257813,0
32493.04,412.23,12.0,34.524611473474266,0
13754.5,39.59,10.0,25.66895689207694,0
106529.8,1488.37,17.0,41.81286606827364,1
105449.34,427.68,2.0,27.23290937132161,0
86885.43000000001,1074.81,4.0,25.188907916824583,0
75988.68,1241.25,3.0,33.51784458328553,1
34565.73,1429.23,3.0,40.25817725470987,0
104273.04,658.75,1.0,34.004359421109704,0
37107.79,86.55,4.0,39.124020726993706,2
179072.36,269.2,8.0,35.62159405583845,0
28836.83,667.56,13.0,38.63192959630096,1
15701.03,1574.0,22.0,39.512516917252405,2
29216.96,4010.91,19.0,29.902112975217022,0
64662.04,1376.25,9.0,26.36900945377976,0
79504.56,2512.59,16.0,37.70546519048136,2
19653.61,3838.0,18.0,34.98450057593267,2
21265.79,515.14,15.0,36.26852962045145,1
7981.735,4829.8,19.0,32.51080152483768,1
8126.595,1717.09,6.0,22.09159366015131,2
18413.13,2063.45,16.0,38.13918891745863,1
27697.18,824.16,10.0,26.04764621217201,0
52754.28,1624.09,19.0,25.986891617801472,2
31632.32,73.75,9.0,28.3912579272014,0
22533594.0,919.31,9.0,31.453597181115065,0
95111.1,467.35,2.0,37.51597018315073,1
12500.36,1406.78,16.0,29.676204623034423,1
31923.73,57.46,10.0,29.114139753910127,0
129561.96,0.54,1.0,38.38491657998868,2
38007.66,842.4,8.0,38.98115902897121,1
30789.41,529.7,5.0,33.89169038068285,0
9265.495,4301.98,16.0,35.50755227671952,1
38217.6,448.54,17.0,35.6930348529438,1
56213.84,3626.94,19.0,30.20302858874848,2
17111.35,1763.48,25.0,24.82963062323617,1
81165.56,1235.16,5.0,25.40622038873077,1
29960.97,744.37,13.0,31.854910771708003,1
20397.855,961.39,3.0,36.96106684818516,2
81199.04,2436.17,11.0,23.62885753029141,2
140124.8,857.74,12.0,26.387258078325942,0
77672.34,813.2,4.0,28.093022449371706,0
67512.6,2342.79,11.0,30.41124625611014,2
18746.95,1403.55,11.0,30.13495946701568,0
59823.58,406.75,11.0,32.86649703988515,0
24363.78,242.11,15.0,37.29991165818112,1
176783.92,1462.95,8.0,31.52387485242004,0
49963.65,1624.6,25.0,22.94206705395846,1
109905.96,150.87,14.0,32.902916477985094,2
9700.81,2542.15,23.0,25.30430517657804,2
28675.48,2360.5,27.0,26.42637009546161,2
99854.67,871.36,18.0,22.650340282306782,1
11780.935,526.12,12.0,32.203283582617885,1
30559.3,219.2,2.0,28.06132317588352,2
79710.09,109.97,12.0,27.231240999703328,1
14184.935,849.98,5.0,27.025357774855213,1
18762.55,3916.73,24.0,26.84180915544179,2
51938.04,1638.92,17.0,34.54140990933019,2
30092.13,217.49,3.0,24.37147303562283,0
68081.28,502.86,9.0,34.38856449103185,1
70088.36,4670.21,17.0,32.427697401585576,2
20975.4,731.4,11.0,31.00225183572858,1
8940.905,2558.29,25.0,26.28694350252624,2
67104.12,4635.75,25.0,27.64402303686195,1
19910.51,3957.01,26.0,36.31544140430921,2
59961.82,91.38,1.0,31.920862344410963,0
31846.76,881.26,6.0,32.877753963831054,0
29986.48,3836.36,16.0,36.40264267197927,2
18630.47,2315.02,16.0,34.588348523501026,2
21596.24,128.19,6.0,26.500697938462796,0
51884.96,811.42,15.0,28.83268004372978,1
17683.37,2600.36,17.0,33.38712445755163,1
94053.57,815.38,12.0,27.133978257854903,1
58892.86,666.0,20.0,26.12991856892674,1
18293.52,2945.92,18.0,37.6672644477848,1
21139.23,298.5,9.0,33.69489451645479,2
17145.07,4316.78,15.0,27.602926442510928,2
61181.88,2245.8,25.0,36.99490247139276,2
10395.46,1781.57,25.0,28.877951580555624,2
35976.97,568.67,0.0,31.55903870376785,0
18618.23,2574.41,8.0,25.296835145002184,1
123028.6,1361.12,9.0,40.4593135278834,0
94092.36,1338.47,19.0,31.74162358811759,1
44789.64,122.27,5.0,23.283668441234017,0
48423.15,1619.77,27.0,30.59304804437869,2
15948.285,1068.42,9.0,25.127537161275285,0
18268.61,393.05,14.0,27.311459028833973,0
14205.09,4845.24,21.0,28.62089462573984,2
130682.94,752.98,8.0,35.58669211119947,0
75503.88,1427.65,15.0,29.571640080679764,1
13000.735,1152.68,14.0,30.247502526765857,1
49211.16,1781.8,11.0,35.03176730191024,2
118042.88,1476.36,10.0,38.78087611841608,1
14584.155,883.9,12.0,35.543835467295104,1
127921.84,1043.09,20.0,34.82410407412697,0
14681.68,2918.12,25.0,35.30041950773148,1
142737.36,1184.81,6.0,34.079967767229085,0
57842.04,1600.43,23.0,24.15509409206776,2
21440.93,969.29,8.0,33.23404391655222,1
15021.48,1277.01,9.0,29.11660527632937,2
30243.64,2027.23,15.0,26.296502864015512,2
53878.98,1119.16,18.0,35.9027778552384,0
120314.0,558.97,17.0,37.420803436400746,2
18008.65,794.29,10.0,31.51017713584009,1
50291.22,1696.44,16.0,35.573520521387444,2
86032.17,1177.47,0.0,39.42378061511486,1
9898.6,1302.29,26.0,37.78194458421814,2
28649.99,1412.93,20.0,38.10272771774371,1
16627.15,2607.71,17.0,35.052631041581414,2
118644.36000000002,1100.42,2.0,38.01489836692072,0
21205.72,327.83,16.0,37.526067189856704,0
36875.14,473.6,16.0,25.02921178627152,1
19769.99,1641.97,12.0,32.786861822890266,2
66460.6,4681.43,23.0,35.09120508486561,2
52799.82,673.32,16.0,28.54880394068568,0
44608.21,648.02,7.0,38.09117858916754,0
95189.64,722.48,2.0,37.586286522644,0
67854.3,586.09,8.0,31.017115719847823,0
95895.72,553.13,9.0,41.1047510889793,0
63847.8,2440.4,14.0,33.42715957457224,2
31923.73,57.46,10.0,24.81479697057055,0
21450.3,464.67,19.0,35.77462599286861,0
103755.87,1013.57,15.0,38.99882696469328,1
130220.08,410.1,14.0,40.53953490617615,1
171462.56,531.58,12.0,24.970544038483897,0
20403.52,397.38,8.0,33.13753851052397,1
21196.23,1383.67,19.0,24.799208773371628,1
81254.12,442.23,6.0,28.62187501638,1
19567.0,2202.33,22.0,25.94647880013401,2
121277.0,867.24,10.0,32.006261761584355,0
16415.38,1644.95,20.0,31.98157555808812,1
30256.85,1483.23,0.0,22.726426578661503,2
146598.88,1294.06,5.0,35.64110191635135,1
68948.32,287.63,10.0,27.196336201510924,0
138188.84,277.31,16.0,26.97012228749681,0
7019.435,328.81,11.0,24.22986566975656,1
17774.97,3183.68,25.0,27.43912824036037,1
40078.08,649.84,4.0,27.44411031602453,1
36137.59,1261.71,0.0,23.190919150718468,0
179193.76,449.65,5.0,40.24564461437382,0
7112.665,4649.87,24.0,39.6155563065731,1
19536.45,2623.94,20.0,36.72671247168178,2
51377.88,372.54,18.0,27.012893145599065,2
20496.79,1165.77,17.0,33.95096052605325,0
21490.82,437.91,8.0,29.3491294215938,0
9095.29,2016.31,20.0,33.09448887983071,2
15503.02,3651.79,23.0,33.502129611505524,2
18873.2,1170.52,12.0,35.673182372389455,0
96683.48,1084.27,17.0,30.99934226363708,2
121223.96,1338.42,13.0,26.02555099903831,2
62231.34,551.4,1422.0,38.89765178732746,1
8435.625,1559.69,15.0,24.463585404877826,2
9555.665,1383.88,9.0,28.41897450233805,1
17715.66,4609.86,21.0,34.83204482163146,1
120061.95,803.03,4.0,28.674915762610308,0
50276.79,2629.04,20.0,33.884137154658525,2
25656.05,1084.02,10.0,26.813311346285843,1
58228.38,199.6,2.0,29.62745414447484,0
69212.0,1094.93,17.0,40.709974384581145,1
94739.7,1413.38,4.0,36.83830699902661,0
127559.68,1271.78,5.0,28.506496074124943,0
109349.31,1292.62,3.0,43.43950202913872,1
43655.04,97.41,3.0,36.52766169376243,2
177150.4,429.86,12.0,41.35399191089488,0
39522.28,2024.37,24.0,35.91446102987506,2
14217.52,3306.24,18.0,31.963017104054227,1
108268.23,192.94,4.0,37.31378362749444,0
28010.02,1794.71,15.0,27.03942646446804,2
7201.505,2452.08,9.0,32.45483744055743,2
8658.18,2599.69,23.0,36.42971120814058,2
41640.54,1072.42,20.0,28.16416484097548,0
15599.95,4397.24,22.0,28.97439864284012,1
12768.94,487.17,8.0,39.57916731454026,0
21265.79,515.14,15.0,24.818124016547927,1
71756.2,1182.68,8.0,32.94273626186617,0
57838.06,1362.1,3.0,36.915063850554816,0
20734.2,139.77,1.0,27.545888025084963,0
104988.04,87.85,19.0,44.70044993551319,2
31155.48,2598.3,22.0,36.97139058750833,1
71479.6,519.66,11.0,39.72302876574803,2
38883.92,23.58,8.0,26.82107702289827,1
43960.19,1009.92,1.0,37.36212505192725,0
19029.31,544.97,23.0,24.92934296402657,1
29818.78,702.2,1.0,28.15087841165821,0
32995.78,1338.2,19.0,33.315382499219105,2
82659.32,3492.03,22.0,39.30634426890817,2
13214.895,940.6,17.0,29.24800786813108,0
101771.67,1059.76,7.0,37.17493091822952,1
17188.14,1751.34,20.0,36.145712541024345,2
39242.58,3861.66,14.0,28.299692103593863,2
50657.58,4128.96,18.0,24.53391464897207,1
17633.71,1488.8,12.0,24.189552614640807,1
105488.68,921.89,14.0,28.281868613678032,1
33181.3,3507.37,23.0,34.99059530002326,1
115643.01,951.36,1.0,34.28101394561985,2
87078.48,1181.66,1.0,30.77308704057253,0
36151.31,563.28,6.0,37.873343399847634,1
75804.94,330.82,8.0,35.64192602594318,0
87853.56,498.81,-1.0,31.87689560976377,0
53251.36,861.67,11.0,26.06517599722993,1
89531.13,931.94,12.0,35.47800325763833,1
15781.52,3779.95,17.0,25.787357734322217,2
47275.96,302.1,18.0,30.2033033323085,0
102630.0,82.66,17.0,31.227049408825213,0
21240449.0,217.57,8.0,28.01545869057302,1
31400.96,3424.6,20.0,32.97957275938863,1
45367.94,43.92,19.0,32.865755229912985,1
20900.51,1317.37,22.0,34.371101087499085,2
144901.76,1365.04,8.0,29.941588832998463,1
28058.38,240.25,5.0,28.81894857102864,0
14995.29,4593.28,25.0,29.13391401084413,1
19197.3,3826.75,19.0,27.95544701515643,2
28488.56,1305.55,22.0,34.43358913469397,2
76476.66,1020.69,4.0,38.04724047347011,0
49661.10000000001,2288.31,10.0,38.05378638409608,2
40327.81,424.5,10.0,23.571008107822408,1
18205.45,1042.25,9.0,37.04070505914262,0
42165.91,981.66,12.0,33.65805002696151,1
22530.97,370.35,16.0,26.372933591405022,0
43239.81,3839.68,24.0,30.901279864714084,2
20474.14,2181.21,24.0,26.598434176063424,2
118446.69,912.75,2.0,41.326599815521895,0
19296.63,2530.46,24.0,22.988747260565663,2
73888.42,604.85,15.0,25.432783488908942,1
168682.56,463.57,9.0,31.995147867667534,1
12419416.0,1826.94,20.0,34.185367013624266,2
80807.37,970.11,13.0,27.92751995859037,0
31356.66,3244.97,22.0,31.26646185239029,2
30355.01,820.04,4.0,27.205363077663304,0
117946.44,573.65,-1.0,41.9171744699961,0
45848.86,945.68,10.0,35.07689643167408,1
14956.12,851.44,3.0,24.70023635819421,2
40651.74,231.41,3.0,35.6984500458082,0
68380.29000000001,1293.3,14.0,39.99516911145985,1
34199.94,1379.81,19.0,33.074944092145444,1
12500.36,1406.78,16.0,38.238550659951,1
60938.13,3947.24,18.0,29.558000864240352,2
97266.3,274.98,3.0,34.9071828634062,0
42671.51,132.87,11.0,35.8632465975349,0
17426.71,2353.61,8.0,32.71452272294482,1
13924.125,1270.5,16.0,36.41300947018578,1
137428.16,1151.71,7.0,36.94797165236511,1
161272.04,705.53,5.0,44.519081907438405,2
15724.73,1653.25,18.0,36.68626902221944,2
60799.53,2129.37,25.0,33.293603847908265,2
33022.7,2432.08,24.0,34.37458619518491,2
8557.39,1767.29,13.0,35.00823841479808,2
106879.71,1057.95,7.0,27.05314411136974,1
140124.8,857.74,12.0,43.53619731239356,0
47641.53,2150.59,21.0,27.4475337601424,2
19827.36,282.29,9.0,26.282288244957147,1
21809.35,739.01,1.0,27.330580280916983,1
14135.23,4671.72,4178.0,32.4686107581412,0
93068.88,151.6,18.0,30.21375431377025,1
86638.52,1007.84,9.0,39.28599293330446,0
10077.135,2642.8,20.0,31.71899175791196,2
93561.72,469.43,16.0,35.82391975489024,1
57107.44,2112.32,12.0,37.40251867975833,2
56420.52,1412.35,20.0,41.356981258712615,2
9114.48,2823.42,21.0,38.68751533139294,1
38840.66,2529.34,25.0,28.096483923942145,2
7059.455,4540.76,16.0,31.80954576660647,2
142395.12,505.07,13.0,27.51136323281199,1
16748.19,1586.54,20.0,30.890461943405622,2
53260.38,2587.43,18.0,40.63700996838704,1
108312.64,787.15,16.0,27.828292078302496,2
99995.22,526.8,4.0,34.68010725588861,2
18465.74,1854.48,18.0,28.01569476331445,2
55929.32,994.27,18.0,41.25592805450994,0
116346.93,115.22,8.0,31.27868163910821,0
36993.94,283.01,2.0,32.214936332013224,2
34838.94,1958.28,14.0,33.61607785488767,2
121471.44,736.68,3.0,36.62529880365904,2
52395.84,774.35,18.0,40.77356073831093,1
31696.73,1055.29,11.0,32.99651027264184,1
121881.24,771.77,4.0,34.741511527260194,0
15360.58,1521.43,10.0,30.39846071284896,2
84880.65,1344.85,11.0,28.493574239897967,1
83418.18,972.51,6.0,32.11474038419196,1
15604.56,2686.18,24.0,37.20855787781488,2
87903.62,34.36,5.0,31.20467403985611,0
23767.59,140.57,17.0,27.964117255597568,1
76769.58,19.43,6.0,28.175609342474125,0
10203.99,1710.59,6.0,29.975521233640947,2
125062.92,1424.96,8.0,27.990712495025825,0
8507.27,1409.04,24.0,36.4373521426346,2
38655.1,1295.1,0.0,35.99131438411629,1
26612.6,248.56,11.0,25.76441301308374,1
60830.92,133.63,3.0,36.863724924126274,0
160728.04,1242.39,4.0,29.023946396470127,0
14226.81,3343.19,22.0,25.51059760568083,2
31396.36,1294.44,5.0,24.05645182774372,1
58979.34,3419.72,20.0,31.10973644085184,1
75042.72,417.62,11.0,35.16226096360719,1
28435.76,1962.25,17.0,23.42166380862072,2
18140.0,4087.94,18.0,39.38782640352269,2
130782.4,492.86,16.0,29.56808615327389,1
62976.28,68.66,2.0,31.54283443726101,0
33684.42,1329.97,17.0,24.086877225988783,2
58317.0,98.97,20.0,28.260146747054986,1
19563.14,2375.12,23.0,33.88492093358943,2
17594.015,576.75,10.0,25.40974239164349,0
11603.81,10.55,15.0,35.590283420686006,0
10120.28,1616.5,17.0,32.270561355094245,2
8499.645,2573.1,18.0,25.25562166703484,2
104088.51,515.63,11.0,24.02775368385625,0
9299.105,1531.05,13.0,32.708260980118325,2
70913.4,908.97,9.0,30.165515390433413,0
150131.68,1138.36,0.0,41.088516345217904,0
99161.82,1159.42,9.0,29.59439134116693,0
63648.12,1223.86,8.0,37.788176935856704,1
109652.7,1056.45,6.0,28.608769527287013,0
46346.68,183.3,15.0,28.80744686242072,1
61238.94,947.31,10.0,27.281056227415448,0
46246.9,1120.46,18.0,36.21160800547472,1
81815.02,1434.75,2.0,26.843260682099075,0
17411.26,797.16,3.0,26.15428291500025,0
32117.87,1052.88,18.0,36.55709075542209,0
128502.38999999998,1422.93,7.0,44.68481750808496,0
91870.71,90.19,0.0,30.656650331954133,0
132082.16999999998,1191.15,8.0,37.668912805373004,0
39829.0,1426.83,15.0,41.18408131996697,1
9276.99,3297.71,20.0,28.671864258122948,2
17553.22,2228.97,19.0,35.55725925086569,2
79929.76,739.66,18.0,27.697723597328466,1
16486.52,1052.74,16.0,27.436406326616435,2
36154.19,651.85,8.0,30.26801904482136,0
151437.08,879.78,5.0,36.193907569322185,0
29101.85,1465.87,9.0,24.46501763472876,1
9311.995,2197.4,13.0,34.79055473810531,2
109978.17,1155.21,20.0,27.46050821326621,1
138079.96,637.14,11.0,30.909571679775404,2
8886.055,1190.59,11.0,27.710085595520148,0
35871.7,176.96,5.0,33.62910590783304,2
10281.435,1437.94,7.0,34.20774569805994,2
92939.49,741.64,7.0,30.61025859465529,0
74766.86,107.57,11.0,25.583063892932486,2
76855.56,2650.7,16.0,35.57149242565696,2
60788.82,1463.41,10.0,32.01181605115109,1
16676.72,2255.57,19.0,39.36251909661303,1
118228.38,359.59,0.0,39.4284463167077,1
41048.83,1082.8,4.0,37.911510774266006,1
71554.68000000001,90.14,11.0,34.038119662846825,1
67942.9,1012.18,17.0,35.74759515136432,1
81995.32,193.78,9.0,39.21259623064528,1
20488.03,355.92,11.0,32.59945075318894,0
35787.86,2486.5,24.0,36.10456476902077,1
55339.56,2918.16,16.0,35.11887451638653,2
44806.6,176.26,6.0,37.08725089010579,2
37089.86,1950.21,19.0,24.33821260620928,2
11631.405,165.88,17.0,24.845692186547524,0
88120.12,534.85,12.0,33.3611227382538,1
16702.25,4536.64,18.0,38.47538253252936,2
22488.625,590.85,11.0,40.098911794365314,2
7944.18,1807.0,18.0,36.50238948420053,2
16888.405,724.57,11.0,40.55054189221292,1
40181.48,854.72,9.0,26.75410907373129,1
28169.07,460.32,5.0,36.52081623768357,0
17685.03,207.1,19.0,28.766522729603768,0
17493.02,2542.76,17.0,39.35071467843604,1
16750.04,4305.22,20.0,35.65891261699019,1
44927.86,762.62,8.0,36.21073582495466,0
19896.89,2235.81,19.0,30.007214528783752,2
134569.34999999998,384.01,10.0,28.34893691195512,0
94529.82,731.94,14.0,39.57029223088121,0
21457.185,749.41,4.0,35.90375317772721,2
17452.155,420.61,20.0,26.530194461055807,1
59730.56999999999,335.22,10.0,24.45936943593641,1
34593.98,1453.07,9.0,38.07947472681568,1
32493.04,412.23,11.0,39.95115285913146,0
38334.61,1234.53,0.0,28.884250390482467,0
53146.47,2202.35,22.0,29.90893853953616,2
29485.44,679.47,11.0,30.034197124585763,2
14850.16,543.37,16.0,32.52594137374425,1
29735.22,1750.14,15.0,34.17760056685649,2
32017.75,776.86,19.0,28.04530265217365,1
36943.98,4735.18,16.0,26.814007000582983,1
117551.96,981.69,19.0,37.393778911176256,1
69851.4,1713.36,10.0,30.157412555448413,2
60400.17,4058.77,23.0,37.69930090815407,1
77641.56,2619.62,10.0,31.11118888551978,2
40793.33,1039.62,4.0,41.61695289365677,0
134499.84,115.08,9.0,39.86292353768746,0
36319.38,2382.03,21.0,30.03917230084984,2
171399.84,1306.63,0.0,47.103408810583325,0
51266.34,4895.58,21.0,28.897218747220077,2
113085.87,240.56,4.0,28.830607564725504,2
40762.39,1212.17,7.0,32.56759460336884,0
179072.36,269.2,11.0,39.52557268234396,0
119848.77,1049.14,10.0,35.053466836336504,0
73119.46,1194.38,3.0,26.19339325434649,0
61461.18000000001,4299.1,21.0,27.38762320234966,2
12924.77,149.02,17.0,29.45174193569173,1
152895.44,228.28,13.0,40.29679256260451,0
17461.98,1405.7,16.0,28.86275292942293,1
18369.33,967.91,4.0,32.85259364686173,0
27347.9,1274.89,9.0,35.88051366366407,1
34599.94,942.59,6.0,31.73946120622837,1
36237.51,588.79,20.0,32.123625298157755,1
100097.19,817.57,8.0,37.99297157772904,2
53808.81,1570.43,18.0,37.54884995944021,2
50352.39,4362.59,22.0,29.41595304635832,2
16668.96,1426.06,9.0,30.47504755720533,1
22517.1,729.74,20.0,37.578930957130105,1
39206.98,780.54,13.0,31.615024136780303,0
28227.45,256.96,6.0,35.334204985543046,2
17101.62,1742.35,8.0,29.89095826662772,2
18681.465,327.88,8.0,27.37775919427781,0
49790.5,1021.5,7.0,28.96999701534839,1
118041.38999999998,836.67,10.0,29.65445738627364,0
19466.45,3368.01,21.0,24.4462051028316,2
28184.28,901.52,13.0,36.31714812740303,0
28730.26,37.2,17.0,28.472001526529297,1
14156.88,602.3,13.0,34.02305564955884,0
17738.32,2496.93,21.0,26.61982533138552,2
18944.84,1456.02,23.0,23.600831300781344,2
31199.43,1399.03,10.0,28.73270478931041,2
20597.09,571.1,15.0,37.904624032617406,1
58511.78,404.05,6.0,25.570380518562907,0
14205.09,4845.24,17.0,34.8974673973006,1
33235.35,212.69,12.0,40.960347084034375,1
69941.9,375.97,11.0,25.78279833926948,1
124296.27,333.21,14.0,34.106088602592195,0
19657.56,1480.88,13.0,36.87985908279246,1
21384.94,691.53,13.0,40.104771706907016,1
82616.56,1204.38,18.0,35.981714111802845,1
30560.73,1354.32,2.0,30.205224512421506,0
49847.55,2173.47,18.0,39.90363091317619,2
18829.82,1752.02,8.0,21.88101965229084,2
36354.02,2654.94,14.0,27.54689753448168,2
18256.6,4670.52,20.0,32.69454554525952,2
39832.82,1446.99,12.0,28.67400775880311,1
53876.88,1341.25,8.0,31.01788695903777,2
128675.76,53.79,11.0,31.18468905938909,0
17416.5,2505.52,12.0,22.64873894185824,2
35611.71,1092.47,10.0,27.94132198101737,2
115105.56,695.19,18.0,32.1356909701197,0
36963.52,2518.8,26.0,27.966969721954253,2
17238.11,1500.09,16.0,32.85537157456387,2
19071.34,118.72,19.0,32.14184948259954,1
56007.82,182.37,11.0,28.95820271410787,0
14066.03,4965.47,20.0,37.106367003512375,1
74380.96,1768.05,8.0,32.96277104083486,2
9735.115,3500.59,19.0,29.02213154266553,0
16106.15,109.59,9.0,27.340017331025567,1
129591.32,1348.66,3.0,39.802865248938296,0
11968.51,685.74,18.0,27.67011400238188,1
13190.345,578.6,20.0,35.510356548468046,2
20849.21,1694.32,16.0,28.468813410292093,2
91869.45,135.37,9.0,29.526085034209466,1
66489.74,819.57,9.0,32.083786589750275,1
142106.96,551.73,17.0,31.832908849546307,0
29674.93,688.84,14.0,29.16533524929841,0
42384.08,887.44,22.0,28.1563581337798,1
20660.16,542.16,9.0,35.69882073687834,0
62927.92,2379.02,18.0,35.42256307108369,2
20017.24,4364.82,22.0,36.35811761755079,1
16685.02,2298.18,18.0,29.68107415194509,1
43609.13,1312.58,4.0,30.176899468557192,2
35397.98,1892.22,10.0,32.53612978648768,0
13738.735,365.03,13.0,36.2818235062982,0
28817.1,890.13,8.0,35.35978942298077,0
29814.97,27.63,17.0,25.56864005880267,0
18014.97,360.96,19.0,25.23086354546086,1
44705.10000000001,2026.71,12.0,25.550480451905432,2
66693.51,278.35,14.0,39.186676826528135,0
