﻿,id,document,label,tokens
0,1,골목길에서 싸움이 났어요 다친 사람이 있어요,긴급,"['골목길', '싸움', '나다', '다치다', '사람']"
1,2,교통사고가 발생했는데 상대방이 도주했어요,긴급,"['교통사고', '발생', '하다', '상대방', '도주', '하다']"
2,3,집 근처에서 폭죽 소리가 나고 시끄러워요,경미,"['집', '근처', '폭죽', '소리', '나다', '시끄럽다']"
3,4,술집에서 손님끼리 다투고 있어요 경찰이 필요해요,긴급,"['술집', '손님', '끼리', '다투다', '경찰', '필요하다']"
4,5,차에 누가 돌을 던졌어요 잡아주세요,경미,"['차', '누가', '돌', '던지다', '잡다']"
5,6,가게에서 물건을 훔친 사람이 도망쳤어요,경미,"['가게', '물건', '훔치다', '사람', '도망치다']"
6,7,주택가에서 소란이 발생하고 있어요,경미,"['주택가', '소란', '발생', '하고']"
7,8,아이가 실종된 것 같아요 찾는 것을 도와주세요,긴급,"['아이', '실종', '되다', '것', '같다', '찾다', '것', '도와주다']"
8,9,강변에서 싸움이 나서 피가 나고 있어요,긴급,"['강변', '싸움', '나서다', '피', '나다']"
9,10,지하철역에서 폭행 사건이 발생했어요,긴급,"['지하철역', '폭행', '사건', '발생', '하다']"
10,11,편의점 앞에서 다툼이 있어요 경찰이 와주세요,긴급,"['편의점', '앞', '다툼', '경찰', '오다']"
11,12,골목에서 누군가 협박을 하고 있어요,긴급,"['골목', '누군가', '협박', '하다']"
12,13,주차장에서 폭력 사건이 발생했습니다,긴급,"['주차장', '폭력', '사건', '발생', '하다']"
13,14,집 안에서 도둑이 들었어요 무서워요,긴급,"['집', '안', '도둑', '들다', '무섭다']"
14,15,길가에서 차량이 보행자를 치고 도망갔어요,긴급,"['길가', '차량', '보행자', '치고', '도망가다']"
15,16,가게에서 술에 취한 손님이 난동을 피워요,긴급,"['가게', '술', '취한', '손님', '난동', '피우다']"
16,17,길거리에서 누군가 칼을 들고 위협하고 있어요,긴급,"['길거리', '누군가', '칼', '들다', '위협', '하고']"
17,18,교차로에서 접촉사고가 났는데 시비가 붙었어요,경미,"['교차로', '접촉', '사고', '나다', '시비', '붙다']"
18,19,건물 앞에서 누군가 비명을 지르고 있어요,긴급,"['건물', '앞', '누군가', '비명', '지르다']"
19,20,지하주차장에서 폭력 사건이 발생했어요,긴급,"['지하', '주차장', '폭력', '사건', '발생', '하다']"
20,21,주택가 골목에서 큰 소리가 나고 있어요,경미,"['주택가', '골목', '크다', '소리', '나다']"
21,22,공원에서 사람들끼리 싸움이 나고 있어요,긴급,"['공원', '사람', '끼리', '싸움', '나다']"
22,23,누군가 차 안에서 의식을 잃은 것 같아요,긴급,"['누군가', '차', '안', '의식', '잃다', '것', '같다']"
23,24,골목에서 청소년들이 담배를 피우며 소란을 피워요,경미,"['골목', '청소년', '담배', '피우다', '소란', '피우다']"
24,25,상가 앞에서 시비가 붙어 폭력이 발생했어요,긴급,"['상가', '앞', '시비', '붙다', '폭력', '발생', '하다']"
25,26,근처에서 화재 경보가 울리고 있어요,긴급,"['근처', '화재', '경보', '울리다']"
26,27,이웃집에서 가정폭력이 발생한 것 같아요,긴급,"['이웃집', '가정폭력', '발생', '한', '것', '같다']"
27,28,주유소에서 차량끼리 사고가 났어요,긴급,"['주유소', '차량', '끼리', '사고', '나다']"
28,29,식당에서 술에 취한 사람이 시비를 걸어요,경미,"['식당', '술', '취한', '사람', '시비', '걸다']"
29,30,길가에 쓰러진 사람이 있어요 숨을 쉬지 않아요,긴급,"['길가', '쓰러지다', '사람', '숨', '쉬', '지', '않다']"
30,31,주차장에서 차량이 부딪히고 도망갔어요,경미,"['주차장', '차량', '부딪히다', '도망가다']"
31,32,골목길에서 소리가 나서 보니 싸움이 났어요,긴급,"['골목길', '소리', '나서다', '보다', '싸움', '나다']"
32,33,집 안에서 폭행 소리가 들려요,긴급,"['집', '안', '폭행', '소리', '들다']"
33,34,밤에 시끄러운 소리가 나서 잠을 잘 수 없어요,경미,"['밤', '시끄럽다', '소리', '나서다', '잠', '자다', '수', '없다']"
34,35,가게에서 손님이 직원에게 폭력을 행사했어요,긴급,"['가게', '손님', '직원', '에게', '폭력', '행사', '하다']"
35,36,아파트 복도에서 누군가 싸우고 있어요,긴급,"['아파트', '복도', '누군가', '싸우다']"
36,37,식당 앞에서 사람들이 말다툼을 하고 있어요,경미,"['식당', '앞', '사람', '말다툼', '하다']"
37,38,아파트 주차장에서 차량이 빠르게 달리고 있어요,경미,"['아파트', '주차장', '차량', '빠르다', '달리']"
38,39,상가에서 도난 사건이 발생했어요,경미,"['상가', '도난', '사건', '발생', '하다']"
39,40,골목길에서 차가 사람을 치고 도주했어요,긴급,"['골목길', '차갑다', '사람', '치고', '도주', '하다']"
40,41,주택가에서 불법 쓰레기 투기가 발생하고 있어요,경미,"['주택가', '불법', '쓰레기', '투기', '발생', '하고']"
41,42,이웃집에서 시끄럽게 음악을 틀고 있어요,경미,"['이웃집', '시끄럽다', '음악', '틀']"
42,43,버스 정류장에서 사람들끼리 다투고 있어요,긴급,"['버스', '정류장', '사람', '끼리', '다투다']"
43,44,길가에서 한 남자가 여성에게 폭력을 행사하고 있어요,긴급,"['길가', '하다', '남자', '여성', '에게', '폭력', '행사', '하고']"
44,45,술집 앞에서 시비가 붙어 싸움이 났어요,긴급,"['술집', '앞', '시비', '붙다', '싸움', '나다']"
45,46,지하철역 출구에서 도둑이 가방을 훔쳐 달아났어요,긴급,"['지하철역', '출구', '도둑', '가방', '훔치다', '달아나다']"
46,47,편의점에서 술에 취한 손님이 욕설을 하고 있어요,경미,"['편의점', '술', '취한', '손님', '욕설', '하다']"
47,48,공원에서 폭죽을 터뜨리며 소란을 피워요,경미,"['공원', '폭죽', '터뜨리다', '소란', '피우다']"
48,49,차 안에 아이가 갇혀 있어요 구조가 필요해요,긴급,"['차', '안', '아이', '갇히다', '구조', '필요하다']"
49,50,버스 안에서 승객끼리 시비가 붙었어요,긴급,"['버스', '안', '승객', '끼리', '시비', '붙다']"
50,51,고속도로에서 차량이 역주행하고 있어요,긴급,"['고속도로', '차량', '역주행', '하고']"
51,52,차가 갑자기 불이 나서 불길이 번지고 있어요,긴급,"['차갑다', '갑자기', '불', '나서다', '불길', '번지']"
52,53,상가 주차장에서 차가 부딪혀 다툼이 났어요,경미,"['상가', '주차장', '차갑다', '부딪히다', '다툼', '나다']"
53,54,술에 취한 사람이 집 앞에서 소란을 피우고 있어요,경미,"['술', '취한', '사람', '집', '앞', '소란', '피우다']"
54,55,학교 앞에서 학생들끼리 다툼이 있어요,긴급,"['학교', '앞', '학생', '끼리', '다툼']"
55,56,집 안에서 심한 언쟁이 들려요,긴급,"['집', '안', '심하다', '언쟁', '들다']"
56,57,공원에서 누군가 술을 마시며 소란을 피워요,경미,"['공원', '누군가', '술', '말다', '소란', '피우다']"
57,58,음식점에서 손님이 폭행을 행사했어요,긴급,"['음식점', '손님', '폭행', '행사', '하다']"
58,59,지하주차장에서 의심스러운 사람이 서성이고 있어요,경미,"['지하', '주차장', '의심스럽다', '사람', '서성', '이고']"
59,60,길거리에서 차량이 신호를 무시하고 달리고 있어요,긴급,"['길거리', '차량', '신호', '무시', '하고', '달리']"
60,61,옆집에서 폭행 사건이 일어난 것 같아요,긴급,"['옆집', '폭행', '사건', '일어나다', '것', '같다']"
61,62,사람 많은 곳에서 도난 사건이 발생했어요,긴급,"['사람', '많다', '곳', '도난', '사건', '발생', '하다']"
62,63,학교 근처에서 학생들이 시끄럽게 소란을 피워요,경미,"['학교', '근처', '학생', '시끄럽다', '소란', '피우다']"
63,64,길가에 쓰러진 노인을 발견했어요,긴급,"['길가', '쓰러지다', '노인', '발견', '하다']"
64,65,주택가 골목에서 폭죽 소리가 들려요,경미,"['주택가', '골목', '폭죽', '소리', '들다']"
65,66,길거리에서 의심스러운 남자가 주변을 살피고 있어요,경미,"['길거리', '의심스럽다', '남자', '주변', '살피']"
66,67,술집에서 다툼이 발생해 시끄러워요,경미,"['술집', '다툼', '발생', '하다', '시끄럽다']"
67,68,사람 많은 버스 안에서 시비가 붙었어요,긴급,"['사람', '많다', '버스', '안', '시비', '붙다']"
68,69,횡단보도에서 차량이 급하게 멈췄어요,경미,"['횡단보도', '차량', '급하다', '멈추다']"
69,70,상가 골목에서 한 남자가 여성을 따라가고 있어요,긴급,"['상가', '골목', '하다', '남자', '여성', '따라가다']"
70,71,버스 정류장에서 소란이 발생하고 있어요,경미,"['버스', '정류장', '소란', '발생', '하고']"
71,72,주택가에서 폭력 사건이 발생한 것 같아요,긴급,"['주택가', '폭력', '사건', '발생', '한', '것', '같다']"
72,73,길에서 아이가 울고 있어요 부모가 보이지 않아요,긴급,"['길', '아이', '울', '부모', '보이지', '않다']"
73,74,공원에서 한 남성이 술에 취해 소란을 피워요,경미,"['공원', '하다', '남성', '술', '취해', '소란', '피우다']"
74,75,가게 앞에서 폭행 사건이 발생했어요,긴급,"['가게', '앞', '폭행', '사건', '발생', '하다']"
75,76,고속도로에서 추돌 사고가 났어요,긴급,"['고속도로', '추돌', '사고', '나다']"
76,77,공사장에서 사고가 발생해 다친 사람이 있어요,긴급,"['공', '사장', '사고', '발생', '하다', '다치다', '사람']"
77,78,시장 골목에서 지갑을 도난당했어요,경미,"['시장', '골목', '지갑', '도난', '당하다']"
78,79,차 안에 애완동물이 갇혀 있어요 구조해 주세요,긴급,"['차', '안', '애완동물', '갇히다', '구조해', '줄다']"
79,80,버스에서 승객이 기절했어요 긴급히 구조가 필요해요,긴급,"['버스', '승객', '기절', '하다', '긴급하다', '구조', '필요하다']"
80,81,길거리에서 누군가 흉기를 휘두르고 있어요,긴급,"['길거리', '누군가', '흉기', '휘두르다']"
81,82,길에서 차량이 전복되었어요,긴급,"['길', '차량', '전복', '되어다']"
82,83,집 안에서 고성이 들리고 있어요,긴급,"['집', '안', '고성', '들리다']"
83,84,시장에서 시비가 붙어 싸움이 났어요,긴급,"['시장', '시비', '붙다', '싸움', '나다']"
84,85,공원에서 사람들이 시끄럽게 떠들고 있어요,경미,"['공원', '사람', '시끄럽다', '떠들다']"
85,86,차도에 쓰러진 사람이 있어요,긴급,"['차도', '쓰러지다', '사람']"
86,87,주택가에서 방화 의심 사건이 있어요,긴급,"['주택가', '방화', '의심', '사건']"
87,88,사람 많은 곳에서 싸움이 발생했어요,긴급,"['사람', '많다', '곳', '싸움', '발생', '하다']"
88,89,집 앞 골목에서 이상한 소리가 나요,경미,"['집', '앞', '골목', '이상하다', '소리', '나요']"
89,90,주택가에서 오토바이가 시끄럽게 달리고 있어요,경미,"['주택가', '오토바이', '시끄럽다', '달리']"
90,91,차 안에서 아이가 울고 있어요,긴급,"['차', '안', '아이', '울']"
91,92,길거리에서 사람들끼리 다툼이 발생했어요,긴급,"['길거리', '사람', '끼리', '다툼', '발생', '하다']"
92,93,학교 주변에서 학생들이 모여서 소란을 피워요,경미,"['학교', '주변', '학생', '모', '여서', '소란', '피우다']"
93,94,집에서 폭력 사건이 발생한 것 같아요,긴급,"['집', '폭력', '사건', '발생', '한', '것', '같다']"
94,95,식당에서 손님끼리 다투고 있어요,경미,"['식당', '손님', '끼리', '다투다']"
95,96,공원에서 소란이 발생하고 있어요,경미,"['공원', '소란', '발생', '하고']"
96,97,시장에서 물건을 훔친 사람이 도망쳤어요,긴급,"['시장', '물건', '훔치다', '사람', '도망치다']"
97,98,고속도로에서 차량이 추돌 사고를 냈어요,긴급,"['고속도로', '차량', '추돌', '사고', '내다']"
98,99,길거리에서 누군가 폭력을 행사하고 있어요,긴급,"['길거리', '누군가', '폭력', '행사', '하고']"
99,100,공사장에서 작업자가 다쳐 구조가 필요합니다,긴급,"['공', '사장', '작업', '자', '다치다', '구조', '필요하다']"
100,101,여보세요 강도가 우리 집에 들어왔습니다 제발 빨리 경찰을 보내주세요,긴급,"['여보세요', '강도', '우리', '집', '들어오다', '제발', '빨리', '경찰', '보내다']"
101,102,길거리에서 칼부림이 났어요 사람이 피를 흘리고 있어요 긴급히 경찰이 필요합니다,긴급,"['길거리', '칼부림', '나다', '사람', '피', '흘리다', '긴급하다', '경찰', '필요하다']"
102,103,저희 동네에서 차량이 연쇄적으로 부딪혀 사고가 났어요 부상자가 있습니다,긴급,"['저희', '동네', '차량', '연쇄', '적', '으로', '부딪히다', '사고', '나다', '부상', '자']"
103,104,편의점에서 강도가 돈을 빼앗고 도망쳤어요 를 확인해 주세요,긴급,"['편의점', '강도', '돈', '빼앗다', '도망치다', '확인', '하다', '줄다']"
104,105,주택가에서 화재가 발생했습니다 불길이 번지고 있어요 긴급히 출동해 주세요,긴급,"['주택가', '화재', '발생', '하다', '불길', '번지', '긴급하다', '출동', '하다', '줄다']"
105,106,밤에 도로에서 폭주족이 위험하게 운전하고 있어요 빨리 단속해 주세요,긴급,"['밤', '도로', '폭주족', '위험하다', '운전', '하고', '빨리', '단속', '하다', '줄다']"
106,107,집 앞에서 누군가 문을 부수려고 하고 있어요 무서워서 숨었습니다 도와주세요,긴급,"['집', '앞', '누군가', '문', '부수', '려고', '하다', '무섭다', '숨다', '도와주다']"
107,108,공원에서 폭력 사건이 발생했어요 사람들이 싸우고 있어요,긴급,"['공원', '폭력', '사건', '발생', '하다', '사람', '싸우다']"
108,109,음주운전 의심 차량이 고속도로에서 위험하게 운전 중입니다,긴급,"['음주운전', '의심', '차량', '고속도로', '위험하다', '운전', '중', '이다']"
109,110,아파트 옆집에서 비명이 들려요 무슨 일이 일어난 것 같습니다,긴급,"['아파트', '옆집', '비명', '들다', '무슨', '일이', '일어나다', '것', '같다']"
110,111,동네 길고양이가 쓰레기봉투를 찢고 다닙니다,경미,"['동네', '길고양이', '쓰레기봉투', '찢다', '다니다']"
111,112,옆집에서 너무 시끄럽게 음악을 틀고 있어요,경미,"['옆집', '너무', '시끄럽다', '음악', '틀']"
112,113,오토바이가 밤에 시끄럽게 다니네요,경미,"['오토바이', '밤', '시끄럽다', '다니다']"
113,114,주차된 차가 내 차를 조금 긁고 그냥 갔어요,경미,"['주차', '되다', '차갑다', '내', '차', '조금', '긁다', '그냥', '가다']"
114,115,술 취한 사람이 길에서 큰소리로 노래를 부르고 있어요,경미,"['술', '취한', '사람', '길', '큰소리', '로', '노래', '부르다']"
115,116,옆집 개가 계속 짖어서 잠을 잘 수가 없어요,경미,"['옆집', '개', '계속', '짖다', '잠', '자다', '수가', '없다']"
116,117,누군가 집 앞에 쓰레기를 버리고 갔습니다,경미,"['누군가', '집', '앞', '쓰레기', '버리다', '가다']"
117,118,가게 앞에서 청소년들이 담배를 피우고 있어요,경미,"['가게', '앞', '청소년', '담배', '피우다']"
118,119,공원에서 술 마시는 사람들이 시끄러워요,경미,"['공원', '술', '마시다', '사람', '시끄럽다']"
119,120,차가 인도에 주차되어 있어서 지나가기 힘들어요,경미,"['차갑다', '인도', '주차', '되어다', '지나가다', '힘들다']"
120,121,공용 계단에 쓰레기를 버리고 가는 사람이 있어요,경미,"['공용', '계단', '쓰레기', '버리다', '가다', '사람']"
121,122,밤에 공원에서 청소년들이 시끄럽게 떠들어요,경미,"['밤', '공원', '청소년', '시끄럽다', '떠들다']"
122,123,집 앞에 누가 담배꽁초를 자꾸 버리고 갑니다,경미,"['집', '앞', '누가', '담배', '꽁초', '자꾸', '버리다', '가다']"
123,124,애완견이 목줄 없이 돌아다니고 있어요,경미,"['애완견', '목줄', '없이', '돌아다니다']"
124,125,자전거가 도로에 방치되어 있습니다,경미,"['자전거', '도로', '방치', '되어다']"
125,126,엘리베이터 안에 낙서가 되어 있어요,경미,"['엘리베이터', '안', '낙서', '되어다']"
126,127,주차장에서 차량 경적 소리가 계속 들려요,경미,"['주차장', '차량', '경적', '소리', '계속', '들다']"
127,128,공터에서 청소년들이 폭죽을 터뜨리고 있어요,경미,"['공터', '청소년', '폭죽', '터뜨리다']"
128,129,밤에 차가 엔진소리를 크게 내고 있어요,경미,"['밤', '차갑다', '엔진', '소리', '크게', '내다']"
129,130,가로등이 꺼져서 골목이 어두워요,경미,"['가로등', '꺼지다', '골목', '어둡다']"
130,131,옆집에서 담배 냄새가 계속 들어와요,경미,"['옆집', '담배', '냄새', '계속', '들어오다']"
131,132,도로에 쓰레기가 쌓여 있습니다,경미,"['도로', '쓰레기', '쌓이다']"
132,133,버스 정류장 근처에서 노숙자가 앉아 있어요,경미,"['버스', '정류장', '근처', '노숙자', '앉다']"
133,134,옆집에서 담배를 피우며 소음을 냅니다,경미,"['옆집', '담배', '피우다', '소음', '내다']"
134,135,가게 앞에 자전거가 넘어져 있어요,경미,"['가게', '앞', '자전거', '넘어지다']"
135,136,청소년들이 골목에서 담배를 피웁니다,경미,"['청소년', '골목', '담배', '피우다']"
136,137,공원 벤치에서 술 마시는 사람들이 있어요,경미,"['공원', '벤치', '술', '마시다', '사람']"
137,138,이웃이 밤에 문을 세게 닫아서 시끄러워요,경미,"['이웃', '밤', '문', '세다', '닫다', '시끄럽다']"
138,139,집 앞에 자전거가 방치되어 있어요,경미,"['집', '앞', '자전거', '방치', '되어다']"
139,140,길거리에서 누군가 쓰레기를 버리고 갑니다,경미,"['길거리', '누군가', '쓰레기', '버리다', '가다']"
140,141,밤에 공원에서 라디오를 크게 틀고 있어요,경미,"['밤', '공원', '라디오', '크게', '틀']"
141,142,차가 불법 주차되어 있어 보행이 어렵습니다,경미,"['차갑다', '불법', '주차', '되어다', '보행', '어렵다']"
142,143,공용 복도에 자전거가 방치되어 있어요,경미,"['공용', '복도', '자전거', '방치', '되어다']"
143,144,지하주차장에서 시동을 오래 걸고 있어요,경미,"['지하', '주차장', '시동', '오래', '걸다']"
144,145,길에서 술에 취한 사람이 큰 소리를 냅니다,경미,"['길', '술', '취한', '사람', '크다', '소리', '내다']"
145,146,버스 정류장에서 노숙자가 잠들어 있어요,경미,"['버스', '정류장', '노숙자', '잠들다']"
146,147,동네에서 아이들이 공놀이를 해서 시끄럽습니다,경미,"['동네', '아이', '공', '놀이', '하다', '시끄럽다']"
147,148,옆집에서 담배 냄새가 계속 납니다,경미,"['옆집', '담배', '냄새', '계속', '나다']"
148,149,밤에 공원에서 술 마시는 사람들이 있습니다,경미,"['밤', '공원', '술', '마시다', '사람']"
149,150,길에 누군가 담배꽁초를 버리고 갑니다,경미,"['길', '누군가', '담배', '꽁초', '버리다', '가다']"
150,151,공원 벤치에 누군가 쓰레기를 놓고 갔어요,경미,"['공원', '벤치', '누군가', '쓰레기', '놓다', '가다']"
151,152,길에 고양이 사료가 흩어져 있습니다,경미,"['길', '고양이', '사료', '흩어지다']"
152,153,가로등이 꺼져 있어 골목이 어둡습니다,경미,"['가로등', '꺼지다', '골목', '어둡다']"
153,154,밤에 자동차가 큰 소리를 내며 지나갑니다,경미,"['밤', '자동차', '크다', '소리', '내미다', '지나가다']"
154,155,이웃이 계단에서 큰 소리로 통화합니다,경미,"['이웃', '계단', '크다', '소리', '로', '통화', '하다']"
155,156,옆집 개가 밤새 짖어서 잠을 잘 수 없습니다,경미,"['옆집', '개', '밤새', '짖다', '잠', '자다', '수', '없다']"
156,157,공원에서 사람들 소음이 너무 큽니다,경미,"['공원', '사람', '소음', '너무', '크다']"
157,158,차가 인도 위에 주차되어 있어 통행이 어렵습니다,경미,"['차갑다', '인도', '위', '주차', '되어다', '통행', '어렵다']"
158,159,공터에서 아이들이 폭죽을 터뜨립니다,경미,"['공터', '아이', '폭죽', '터뜨리다']"
159,160,옆집이 밤에 세탁기를 돌려 시끄럽습니다,경미,"['옆집', '밤', '세탁기', '돌리다', '시끄럽다']"
160,161,사람이 쓰러져서 의식이 없습니다,긴급,"['사람', '쓰러지다', '의식', '없다']"
161,162,화재가 발생해 연기가 나고 있어요,긴급,"['화재', '발생', '하다', '연기', '나다']"
162,163,도로에서 교통사고가 발생해 사람이 다쳤습니다,긴급,"['도로', '교통사고', '발생', '하다', '사람', '다치다']"
163,164,칼을 든 사람이 사람을 위협하고 있어요,긴급,"['칼', '들다', '사람', '사람', '위협', '하고']"
164,165,집에 도둑이 들어왔습니다,긴급,"['집', '도둑', '들어오다']"
165,166,사람이 높은 곳에서 떨어졌어요,긴급,"['사람', '높다', '곳', '떨어지다']"
166,167,가스 냄새가 심하게 나고 있어요,긴급,"['가스', '냄새', '심하다', '나다']"
167,168,심한 교통사고로 차가 전복되었습니다,긴급,"['심하다', '교통사고', '로', '차갑다', '전복', '되어다']"
168,169,길에서 사람이 피를 흘리고 쓰러져 있습니다,긴급,"['길', '사람', '피', '흘리다', '쓰러지다']"
169,170,누군가 자해 시도를 하고 있습니다,긴급,"['누군가', '자해', '시도', '하다']"
170,171,음식점에서 손님이 다투고 있어요,경미,"['음식점', '손님', '다투다']"
171,172,지하철역 근처에서 이상한 사람이 주변을 살피고 있어요,경미,"['지하철역', '근처', '이상하다', '사람', '주변', '살피']"
172,173,횡단보도 앞에서 차량이 정차하지 않고 지나갔어요,경미,"['횡단보도', '앞', '차량', '정차', '하다', '않다', '지나가다']"
173,174,공원에서 고성이 오가고 있어요,경미,"['공원', '고성', '오가다']"
174,175,버스 안에서 승객끼리 언쟁이 발생했어요,경미,"['버스', '안', '승객', '끼리', '언쟁', '발생', '하다']"
175,176,아파트 복도에서 의심스러운 사람이 서성이고 있어요,긴급,"['아파트', '복도', '의심스럽다', '사람', '서성', '이고']"
176,177,노인이 길가에 쓰러져 있어요 구조가 필요합니다,긴급,"['노인', '길가', '쓰러지다', '구조', '필요하다']"
177,178,상가 근처에서 폭죽 소리가 계속 들려요,경미,"['상가', '근처', '폭죽', '소리', '계속', '들다']"
178,179,골목길에서 싸움이 나서 소란스러워요,긴급,"['골목길', '싸움', '나서다', '소란', '스럽다']"
179,180,술에 취한 사람이 길거리에서 소란을 피우고 있어요,경미,"['술', '취한', '사람', '길거리', '소란', '피우다']"
180,181,공용 화장실 근처에서 다툼이 발생했어요,긴급,"['공용', '화장실', '근처', '다툼', '발생', '하다']"
181,182,주택가에서 고성이 들리고 있어요,경미,"['주택가', '고성', '들리다']"
182,183,지하주차장에서 차량 문이 억지로 열렸어요,경미,"['지하', '주차장', '차량', '문', '억지로', '열리다']"
183,184,어린아이가 혼자 울고 있는데 부모가 보이지 않아요,긴급,"['어리다', '혼자', '울', '부모', '보이지', '않다']"
184,185,시장 안에서 도난 사건이 있었어요,경미,"['시장', '안', '도난', '사건']"
185,186,카페에서 손님이 직원에게 언성을 높이고 있어요,경미,"['카페', '손님', '직원', '에게', '언성', '높이']"
186,187,주택가 골목에서 차량이 위험하게 운전하고 있어요,긴급,"['주택가', '골목', '차량', '위험하다', '운전', '하고']"
187,188,운전 중 시비로 싸움이 발생했어요,긴급,"['운전', '중', '시비', '로', '싸움', '발생', '하다']"
188,189,주차장 입구에서 시비가 붙었어요,경미,"['주차장', '입구', '시비', '붙다']"
189,190,편의점 앞에서 누군가 쓰러져 있어요,긴급,"['편의점', '앞', '누군가', '쓰러지다']"
190,191,도심에서 불법 집회가 발생했어요,경미,"['도심', '불법', '집회', '발생', '하다']"
191,192,건물 옥상에서 누군가 소리를 지르고 있어요,긴급,"['건물', '옥상', '누군가', '소리', '지르다']"
192,193,길에서 차량이 신호를 위반했어요,경미,"['길', '차량', '신호', '위반', '하다']"
193,194,공사장 근처에서 사고가 발생했어요,긴급,"['공', '사장', '근처', '사고', '발생', '하다']"
194,195,시장 입구에서 언쟁이 있었어요,경미,"['시장', '입구', '언쟁']"
195,196,버스에서 승객 간 충돌이 있었어요,긴급,"['버스', '승객', '간', '충돌']"
196,197,공원 벤치에서 누군가 혼잣말을 하며 소란을 피워요,경미,"['공원', '벤치', '누군가', '혼잣말', '하다', '소란', '피우다']"
197,198,지하철에서 물건을 훔친 사람이 도망쳤어요,긴급,"['지하철', '물건', '훔치다', '사람', '도망치다']"
198,199,고속도로에서 차량 간 충돌이 있었어요,긴급,"['고속도로', '차량', '간', '충돌']"
199,200,아이 둘이 길가에서 울고 있어요,긴급,"['아이', '둘', '길가', '울']"
200,201,놀이터 근처에서 이상한 소리가 계속 들려요,경미,"['놀이터', '근처', '이상하다', '소리', '계속', '들다']"
201,202,상가 앞에서 누군가 쓰러졌어요,긴급,"['상가', '앞', '누군가', '쓰러지다']"
202,203,건물 복도에서 의심스러운 대화가 들려요,경미,"['건물', '복도', '의심스럽다', '대화', '들다']"
203,204,지하철 승강장에서 실랑이가 있었어요,경미,"['지하철', '승강장', '실랑이']"
204,205,주택가 공터에서 폭죽을 터뜨리고 있어요,경미,"['주택가', '공터', '폭죽', '터뜨리다']"
205,206,공원에서 누가 술병을 던졌어요,경미,"['공원', '누가', '술병', '던지다']"
206,207,길가에서 커다란 소리가 들렸어요 확인 필요해요,경미,"['길가', '커다랗다', '소리', '들리다', '확인', '필요하다']"
207,208,도로 한가운데 차가 멈춰 서 있어요,긴급,"['도로', '한가운데', '차갑다', '멈추다', '서다']"
208,209,횡단보도에서 차량이 보행자를 위협했어요,긴급,"['횡단보도', '차량', '보행자', '위협', '하다']"
209,210,마트 앞에서 손님 간에 언쟁이 있었어요,경미,"['마트', '앞', '손님', '간', '언쟁']"
210,211,도서관 앞에서 청소년들이 시끄럽게 굴어요,경미,"['도서관', '앞', '청소년', '시끄럽다', '굳다']"
211,212,엘리베이터 안에서 싸움이 있었어요,긴급,"['엘리베이터', '안', '싸움']"
212,213,지하주차장에서 경적을 계속 울리는 차량이 있어요,경미,"['지하', '주차장', '경적', '계속', '울리다', '차량']"
213,214,공용 주차장에서 차끼리 접촉사고가 났어요,경미,"['공용', '주차장', '차', '끼리', '접촉', '사고', '나다']"
214,215,횡단보도에서 아이가 다칠 뻔했어요,경미,"['횡단보도', '아이', '다치다', '뻔하다']"
215,216,놀이터에서 다툼이 있었어요,경미,"['놀이터', '다툼']"
216,217,아파트 단지 내에서 고성이 오가고 있어요,경미,"['아파트', '단지', '내', '고성', '오가다']"
217,218,편의점 안에서 물건을 집어던졌어요,경미,"['편의점', '안', '물건', '집다']"
218,219,주택가에서 누가 문을 계속 두드리고 있어요,긴급,"['주택가', '누가', '문', '계속', '두드리다']"
219,220,상가 골목에서 누가 큰 소리로 울고 있어요,경미,"['상가', '골목', '누가', '크다', '소리', '로', '울']"
220,221,도로 위에서 사고가 나서 차가 뒤엉켰어요,긴급,"['도로', '위', '사고', '나서다', '차갑다', '뒤', '엉', '켜다']"
221,222,학교 앞에서 학생들 간 충돌이 있었어요,긴급,"['학교', '앞', '학생', '간', '충돌']"
222,223,주택가 골목에서 큰 싸움이 있었어요,긴급,"['주택가', '골목', '크다', '싸움']"
223,224,버스 안에서 고성이 들려요,경미,"['버스', '안', '고성', '들다']"
224,225,시장 안에서 누가 물건을 던졌어요,경미,"['시장', '안', '누가', '물건', '던지다']"
225,226,지하철역 출구에서 소란이 발생했어요,경미,"['지하철역', '출구', '소란', '발생', '하다']"
226,227,식당 앞에서 언쟁이 벌어졌어요,경미,"['식당', '앞', '언쟁', '벌어지다']"
227,228,노숙자가 길에서 고함을 지르고 있어요,경미,"['노숙자', '길', '고함', '지르다']"
228,229,길가에서 노인이 쓰러졌어요  요청합니다,긴급,"['길가', '노인', '쓰러지다', '요청', '하다']"
229,230,공원에서 아이들 간 싸움이 있었어요,경미,"['공원', '아이', '간', '싸움']"
230,231,카페 앞에서 커플이 다투고 있어요,경미,"['카페', '앞', '커플', '다투다']"
231,232,차도에 자전거가 넘어져 있어요,경미,"['차도', '자전거', '넘어지다']"
232,233,차량에서 담배꽁초를 던지는 걸 봤어요,경미,"['차량', '담배', '꽁초', '던지다', '걸', '보다']"
233,234,시장 안에서 고성이 들려요,경미,"['시장', '안', '고성', '들다']"
234,235,아파트 앞 도로에서 차량이 역주행했어요,긴급,"['아파트', '앞', '도로', '차량', '역주행', '하다']"
235,236,마트에서 다툼이 발생했어요,경미,"['마트', '다툼', '발생', '하다']"
236,237,화단 옆에서 쓰러진 사람이 있어요,긴급,"['화단', '옆', '쓰러지다', '사람']"
237,238,술에 취한 젊은 사람이 계단에 누워서 옷을 벗고 있어요 아래 바지를 벗으려고 하네요 빨리와서 말려주세요,긴급,"['술', '취한', '젊다', '사람', '계단', '눕다', '옷', '벗다', '아래', '바지', '벗다', '하다', '빨리', '오다', '말리다']"
238,239,놀이터에서 아이들끼리 다툼이 있었어요,경미,"['놀이터', '아이', '끼리', '다툼']"
239,240,버스 안에서 큰 소리가 나서 놀랐어요,경미,"['버스', '안', '크다', '소리', '나서다', '놀라다']"
240,241,식당에서 손님끼리 언쟁이 있어요,경미,"['식당', '손님', '끼리', '언쟁']"
241,242,택시 안에서 술에 취한 손님이 택시비 없다고 택시 기사와 심하게 시비가 벌어졌어요,경미,"['택시', '안', '술', '취한', '손님', '택시', '비', '없다', '택시', '기사', '와', '심하다', '시비', '벌어지다']"
242,243,주택가 골목에서 소란이 계속되고 있어요,경미,"['주택가', '골목', '소란', '계속', '되다']"
243,244,마트 출입문 앞에서 언성이 높아지고 있어요,경미,"['마트', '출입문', '앞', '언성', '높아지다']"
244,245,버스 정류장에서 승객 간 충돌이 있었어요,경미,"['버스', '정류장', '승객', '간', '충돌']"
245,246,지하철 출구 근처에서 언쟁이 벌어졌어요,경미,"['지하철', '출구', '근처', '언쟁', '벌어지다']"
246,247,공원에서 반려견 문제로 시비가 있었어요,경미,"['공원', '반려견', '문제', '로', '시비']"
247,248,마트 안에서 고객 간 다툼이 있었어요,경미,"['마트', '안', '고객', '간', '다툼']"
248,249,도심 거리에서 언성이 높아지고 있어요,경미,"['도심', '거리', '언성', '높아지다']"
249,250,공사장 인근에서 사고 소리가 들렸어요,긴급,"['공', '사장', '인근', '사고', '소리', '들리다']"
250,251,운전 중 욕설과 시비가 있었어요,경미,"['운전', '중', '욕설', '과', '시비']"
251,252,노인을 향해 언쟁이 벌어졌어요,경미,"['노인', '향', '하다', '언쟁', '벌어지다']"
252,253,건물 현관 앞에서 싸움이 있었어요,긴급,"['건물', '현관', '앞', '싸움']"
253,254,공원 벤치에서 술 마시는 사람들이 시끄러워요,경미,"['공원', '벤치', '술', '마시다', '사람', '시끄럽다']"
254,255,버스에서 고성이 나고 있어요,경미,"['버스', '고성', '나다']"
255,256,놀이터 근처에서 의심스러운 사람이 있어요,경미,"['놀이터', '근처', '의심스럽다', '사람']"
256,257,시장 골목에서 싸움이 벌어졌어요,긴급,"['시장', '골목', '싸움', '벌어지다']"
257,258,버스 안에서 누군가 쓰러졌어요,긴급,"['버스', '안', '누군가', '쓰러지다']"
258,259,식당 내부에서 고성이 오가고 있어요,경미,"['식당', '내부', '고성', '오가다']"
259,260,골목길에서 시비가 계속되고 있어요,긴급,"['골목길', '시비', '계속', '되다']"
260,261,지하철 차량 안에서 다툼이 발생했어요,긴급,"['지하철', '차량', '안', '다툼', '발생', '하다']"
261,262,노인이 길가에서 도움을 요청하고 있어요,긴급,"['노인', '길가', '도움', '요청', '하고']"
262,263,택시 안에서 승객끼리 언쟁이 있었어요,경미,"['택시', '안', '승객', '끼리', '언쟁']"
263,264,횡단보도에서 아이가 다치는 사고가 발생했어요,긴급,"['횡단보도', '아이', '다치다', '사고', '발생', '하다']"
264,265,주택가에서 연기가 보여요,긴급,"['주택가', '연기', '보이다']"
265,266,차량과 자전거 충돌 사고가 발생했어요,긴급,"['차량', '과', '자전거', '충돌', '사고', '발생', '하다']"
266,267,공사장 주변에서 쓰러진 사람을 봤어요,긴급,"['공', '사장', '주변', '쓰러지다', '사람', '보다']"
267,268,도심 거리에서 큰 소란이 있어요,경미,"['도심', '거리', '크다', '소란']"
268,269,건물 안에서 고성이 계속 들려요,경미,"['건물', '안', '고성', '계속', '들다']"
269,270,마트 주차장에서 접촉사고가 났어요,경미,"['마트', '주차장', '접촉', '사고', '나다']"
270,271,지하철에서 승객이 고함을 지르고 있어요,경미,"['지하철', '승객', '고함', '지르다']"
271,272,아파트 현관 앞에서 소란이 발생했어요,경미,"['아파트', '현관', '앞', '소란', '발생', '하다']"
272,273,버스 정류장에서 실랑이가 있었어요,경미,"['버스', '정류장', '실랑이']"
273,274,식당에서 고성이 들리고 있어요,경미,"['식당', '고성', '들리다']"
274,275,공원에서 아이가 넘어져 울고 있어요,경미,"['공원', '아이', '넘어지다', '울']"
275,276,지하주차장에서 경적 소리가 계속 들려요,경미,"['지하', '주차장', '경적', '소리', '계속', '들다']"
276,277,시장 입구에서 언쟁이 오가고 있어요,경미,"['시장', '입구', '언쟁', '오가다']"
277,278,공원 벤치 근처에서 두 사람이 언성을 높이며 다투고 있어서 신고합니다,경미,"['공원', '벤치', '근처', '두', '사람', '언성', '높이', '며', '다투다', '신고', '하다']"
278,279,지하철 승강장에서 큰 소리가 들려 확인해 보니 고성이 오가는 상황이었습니다,경미,"['지하철', '승강장', '크다', '소리', '들다', '확인', '하다', '보다', '고성', '오가다', '상황', '이다']"
279,280,시장 골목길에서 사람들끼리 밀치고 언성을 높이며 충돌이 발생하고 있습니다,긴급,"['시장', '골목길', '사람', '끼리', '밀', '치고', '언성', '높이', '며', '충돌', '발생', '하고']"
280,281,고속도로에서 차량이 급정거하면서 뒤차와 추돌 사고가 발생해 피해자가 있습니다,긴급,"['고속도로', '차량', '급', '정거', '하다', '뒤차', '와', '추돌', '사고', '발생', '하다', '피해자']"
281,282,도심 거리에서 사람들이 모여 고성을 지르고 있어 시민들이 불안해하고 있습니다,경미,"['도심', '거리', '사람', '모이다', '고성', '지르다', '시민', '불안하다']"
282,283,아파트 단지 내 놀이터에서 다툼이 발생하여 아이들이 무서워하고 있어요,경미,"['아파트', '단지', '내', '놀이터', '다툼', '발생', '하다', '아이', '무섭다']"
283,284,식당 안에서 손님들 간 언쟁이 커져 폭언까지 오가고 있는 상황입니다,긴급,"['식당', '안', '손님', '간', '언쟁', '커지다', '폭언', '까지', '오가다', '상황', '이다']"
284,285,마트 주차장에서 차량 간 접촉사고 후 운전자들 간에 시비가 붙었습니다,경미,"['마트', '주차장', '차량', '간', '접촉', '사고', '후', '운전자', '간', '시비', '붙다']"
285,286,주택가에서 오토바이 여러 대가 시끄럽게 달리며 소음을 유발하고 있어요,경미,"['주택가', '오토바이', '여러', '대가', '시끄럽다', '달리', '며', '소음', '유발', '하고']"
286,287,길가에서 노숙자가 술에 취해 주변 사람들에게 시비를 걸고 있는 상황입니다,긴급,"['길가', '노숙자', '술', '취해', '주변', '사람', '에게', '시비', '걸다', '상황', '이다']"
287,288,편의점 앞에서 한 남성이 소리를 지르며 바닥에 물건을 던지는 장면을 목격했습니다,긴급,"['편의점', '앞', '하다', '남성', '소리', '지르다', '바닥', '물건', '던지다', '장면', '목격', '하다']"
288,289,고등학교 정문 앞에서 학생들끼리 언성을 높이며 다투는 장면이 목격되었습니다,경미,"['고등학교', '정문', '앞', '학생', '끼리', '언성', '높이', '며', '다투다', '장면', '목격', '되어다']"
289,290,주차된 차량에서 음악을 크게 틀어놓아 주변 주민들이 불편을 겪고 있습니다,경미,"['주차', '되다', '차량', '음악', '크게', '틀어놓다', '주변', '주민', '불편', '겪다']"
290,291,버스 안에서 자리를 두고 다툼이 발생하여 승객들이 불안해하고 있습니다,경미,"['버스', '안', '자리', '두다', '다툼', '발생', '하다', '승객', '불안하다']"
291,292,지하철 차량 내에서 두 명이 시비 끝에 서로를 밀치는 장면이 발생했습니다,긴급,"['지하철', '차량', '내', '두', '명', '시비', '끝', '서로', '밀치다', '장면', '발생', '하다']"
292,293,상가 골목에서 한 남성이 휴대폰을 던지며 고함을 지르고 있어요,경미,"['상가', '골목', '하다', '남성', '휴대폰', '던지다', '고함', '지르다']"
293,294,주택가 담벼락 근처에서 누군가 계속해서 고성을 지르며 돌아다니고 있습니다,경미,"['주택가', '담벼락', '근처', '누군가', '계속', '하다', '고성', '지르다', '돌아다니다']"
294,295,지하주차장 입구에서 차량 두 대가 좁은 공간을 두고 다툼이 발생했습니다,경미,"['지하', '주차장', '입구', '차량', '두', '대가', '좁다', '공간', '두다', '다툼', '발생', '하다']"
295,296,시장 입구에서 물건을 떨어뜨린 것을 두고 상인들 사이에 언쟁이 있었습니다,경미,"['시장', '입구', '물건', '떨어뜨리다', '것', '두다', '상', '인들', '사이', '언쟁']"
296,297,공원 내 벤치 주변에서 여러 명이 술을 마시며 큰 소리로 떠들고 있어요,경미,"['공원', '내', '벤치', '주변', '여러', '명', '술', '말다', '크다', '소리', '로', '떠들다']"
297,298,아파트 입구에 어린 아이가 넘어져 울고 있어요,긴급,"['아파트', '입구', '어리다', '아이', '넘어지다', '울']"
298,299,주차장에서 흰색 차에서 경적 소리가 계속 들려요,경미,"['주차장', '흰색', '차', '경적', '소리', '계속', '들다']"
299,300,시장 입구에서 시비가 붙어서 싸우고 있어요,긴급,"['시장', '입구', '시비', '붙다', '싸우다']"
